{
    "accuracy": 0.66,
    "precision": 0.59,
    "recall": 0.686046511627907,
    "auc": 0.7479600163198694
}